日期,股票代码,开盘,收盘,最高,最低,成交量,成交额,振幅,涨跌幅,涨跌额,换手率
2023-02-23,603551,9.84,9.47,9.85,9.4,21307,25981865.0,4.67,-1.76,-0.17,0.53
2023-02-24,603551,9.48,9.63,9.75,9.46,25846,31659250.0,3.06,1.69,0.16,0.64
2023-02-27,603551,9.57,9.72,9.81,9.46,18707,23140295.0,3.63,0.93,0.09,0.47
2023-02-28,603551,9.71,9.74,9.75,9.59,12692,15634935.0,1.65,0.21,0.02,0.32
2023-03-01,603551,9.74,9.56,9.74,9.49,22519,27562284.0,2.57,-1.85,-0.18,0.56
2023-03-02,603551,9.55,9.51,9.68,9.47,16051,19599204.0,2.2,-0.52,-0.05,0.4
2023-03-03,603551,9.63,9.37,9.63,9.37,14635,17680684.0,2.73,-1.47,-0.14,0.36
2023-03-06,603551,9.36,9.27,9.52,9.18,26375,31512571.0,3.63,-1.07,-0.1,0.66
2023-03-07,603551,9.3,8.95,9.5,8.95,30794,36357159.0,5.93,-3.45,-0.32,0.77
2023-03-08,603551,9.04,9.01,9.12,8.86,15599,18114150.0,2.91,0.67,0.06,0.39
2023-03-09,603551,9.1,9.15,9.2,8.92,17743,20794672.0,3.11,1.55,0.14,0.44
2023-03-10,603551,9.11,8.88,9.13,8.83,13526,15646602.0,3.28,-2.95,-0.27,0.34
2023-03-13,603551,8.85,8.99,9.13,8.8,15485,17960298.0,3.72,1.24,0.11,0.39
2023-03-14,603551,8.93,8.75,8.97,8.55,20469,23298276.0,4.67,-2.67,-0.24,0.51
2023-03-15,603551,8.88,8.92,9.02,8.82,11394,13162177.0,2.29,1.94,0.17,0.28
2023-03-16,603551,8.86,8.71,8.93,8.6,15628,17800872.0,3.7,-2.35,-0.21,0.39
2023-03-17,603551,8.82,8.71,8.85,8.65,14111,16053533.0,2.3,0.0,0.0,0.35
2023-03-20,603551,8.69,8.62,8.77,8.47,21337,23983123.0,3.44,-1.03,-0.09,0.53
2023-03-21,603551,8.62,9.13,9.18,8.51,33310,38834007.0,7.77,5.92,0.51,0.83
2023-03-22,603551,9.1,9.29,9.36,9.03,23625,27933820.0,3.61,1.75,0.16,0.59
2023-03-23,603551,9.17,9.01,9.79,8.96,38899,46226823.0,8.93,-3.01,-0.28,0.97
2023-03-24,603551,9.03,8.99,9.13,8.89,18739,21802189.0,2.66,-0.22,-0.02,0.47
2023-03-27,603551,8.99,8.84,9.03,8.62,32476,37065068.0,4.56,-1.67,-0.15,0.81
2023-03-28,603551,8.9,8.62,8.92,8.56,21092,23819122.0,4.07,-2.49,-0.22,0.53
2023-03-29,603551,8.65,8.85,8.95,8.62,25382,29119416.0,3.83,2.67,0.23,0.63
2023-03-30,603551,8.88,8.88,9.11,8.66,25686,29417567.0,5.08,0.34,0.03,0.64
2023-03-31,603551,8.72,8.85,9.01,8.7,21100,24148675.0,3.49,-0.34,-0.03,0.53
2023-04-03,603551,8.85,8.83,9.13,8.76,43356,49969958.0,4.18,-0.23,-0.02,1.08
2023-04-04,603551,8.91,8.49,8.91,8.36,39485,44241134.0,6.23,-3.85,-0.34,0.99
2023-04-06,603551,8.46,8.48,8.59,8.37,21265,23637614.0,2.59,-0.12,-0.01,0.53
2023-04-07,603551,8.57,9.06,9.2,8.41,38386,44104723.0,9.32,6.84,0.58,0.96
2023-04-10,603551,9.16,8.75,9.3,8.69,39271,45345567.0,6.73,-3.42,-0.31,0.98
2023-04-11,603551,8.71,8.52,8.83,8.49,18665,21016168.0,3.89,-2.63,-0.23,0.47
2023-04-12,603551,8.52,8.27,8.64,8.06,33781,36723805.0,6.81,-2.93,-0.25,0.85
2023-04-13,603551,8.33,8.5,8.57,8.19,26808,29712433.0,4.59,2.78,0.23,0.67
2023-04-14,603551,8.79,8.32,8.79,8.27,19428,21440109.0,6.12,-2.12,-0.18,0.49
2023-04-17,603551,8.32,9.02,9.05,8.31,48242,55504623.0,8.89,8.41,0.7,1.21
2023-04-18,603551,9.15,9.83,10.02,8.92,75587,92489128.0,12.2,8.98,0.81,1.89
2023-04-19,603551,9.76,9.36,9.82,9.31,46419,56170380.0,5.19,-4.78,-0.47,1.16
2023-04-20,603551,9.43,9.31,9.47,9.15,33710,40222999.0,3.42,-0.53,-0.05,0.84
2023-04-21,603551,9.64,9.16,9.81,9.12,45310,54529358.0,7.41,-1.61,-0.15,1.14
2023-04-24,603551,9.05,8.49,9.16,8.41,68123,77477555.0,8.19,-7.31,-0.67,1.71
2023-04-25,603551,8.55,8.76,8.92,8.55,56147,63688299.0,4.36,3.18,0.27,1.41
2023-04-26,603551,8.72,8.91,9.0,8.6,28807,33022252.0,4.57,1.71,0.15,0.72
2023-04-27,603551,8.86,8.78,8.9,8.64,16014,18295371.0,2.92,-1.46,-0.13,0.4
2023-04-28,603551,8.88,9.08,9.1,8.78,21121,24611394.0,3.64,3.42,0.3,0.53
2023-05-04,603551,9.12,8.75,9.13,8.72,28196,32298295.0,4.52,-3.63,-0.33,0.71
2023-05-05,603551,8.75,8.66,8.76,8.54,24871,28091736.0,2.51,-1.03,-0.09,0.62
2023-05-08,603551,8.7,8.55,8.71,8.5,19763,22195699.0,2.42,-1.27,-0.11,0.5
2023-05-09,603551,8.56,8.55,8.7,8.48,19185,21564779.0,2.57,0.0,0.0,0.48
2023-05-10,603551,8.53,8.43,8.59,8.28,18209,20134162.0,3.63,-1.4,-0.12,0.46
2023-05-11,603551,8.37,8.46,8.55,8.35,15747,17417877.0,2.37,0.36,0.03,0.39
2023-05-12,603551,8.39,8.52,8.64,8.39,16935,18981596.0,2.96,0.71,0.06,0.42
2023-05-15,603551,8.52,8.61,8.63,8.46,12693,14216209.0,2.0,1.06,0.09,0.32
2023-05-16,603551,8.59,8.55,8.62,8.43,14999,16752519.0,2.21,-0.7,-0.06,0.38
2023-05-17,603551,8.55,8.71,8.77,8.48,15644,17645883.0,3.39,1.87,0.16,0.39
2023-05-18,603551,8.71,8.9,9.13,8.71,11866,13674496.0,4.82,2.18,0.19,0.3
2023-05-19,603551,8.76,9.31,9.36,8.71,28269,33419055.0,7.3,4.61,0.41,0.71
2023-05-22,603551,9.34,9.76,9.77,9.29,34156,41838680.0,5.16,4.83,0.45,0.86
2023-05-23,603551,9.74,9.77,9.96,9.66,30334,37926394.0,3.07,0.1,0.01,0.76
2023-05-24,603551,9.96,9.61,9.96,9.53,24687,30308241.0,4.4,-1.64,-0.16,0.62
2023-05-25,603551,9.68,9.66,9.76,9.54,17616,21655430.0,2.29,0.52,0.05,0.44
2023-05-26,603551,9.66,9.65,9.72,9.51,10784,13230413.0,2.17,-0.1,-0.01,0.27
2023-05-29,603551,9.79,9.7,9.79,9.62,20031,24764605.0,1.76,0.52,0.05,0.5
2023-05-30,603551,9.75,9.73,9.81,9.61,17428,21501814.0,2.06,0.31,0.03,0.44
2023-05-31,603551,9.73,9.67,9.78,9.58,25941,31880105.0,2.06,-0.62,-0.06,0.65
2023-06-01,603551,9.47,9.62,9.86,9.29,27159,31281923.0,5.89,-0.52,-0.05,0.68
2023-06-02,603551,9.59,9.81,9.89,9.59,32608,38063091.0,3.12,1.98,0.19,0.82
2023-06-05,603551,9.84,9.58,9.91,9.35,31036,35437051.0,5.71,-2.34,-0.23,0.78
2023-06-06,603551,9.59,9.45,9.69,9.4,14912,17030400.0,3.03,-1.36,-0.13,0.37
2023-06-07,603551,9.47,9.38,9.6,9.31,14835,16776728.0,3.07,-0.74,-0.07,0.37
2023-06-08,603551,9.47,9.6,9.73,9.31,24411,27946979.0,4.48,2.35,0.22,0.61
2023-06-09,603551,9.76,9.23,9.77,9.23,26804,30082846.0,5.63,-3.85,-0.37,0.67
2023-06-12,603551,9.32,9.45,9.53,9.15,14908,16797940.0,4.12,2.38,0.22,0.37
2023-06-13,603551,9.42,9.52,9.66,9.34,20732,23713061.0,3.39,0.74,0.07,0.52
2023-06-14,603551,9.65,9.66,9.79,9.48,18583,21478142.0,3.26,1.47,0.14,0.47
2023-06-15,603551,9.61,9.87,9.89,9.61,16758,19584894.0,2.9,2.17,0.21,0.42
2023-06-16,603551,10.0,10.46,10.71,9.87,56500,69528572.0,8.51,5.98,0.59,1.42
2023-06-19,603551,10.53,10.3,10.68,10.11,38463,47002732.0,5.45,-1.53,-0.16,0.96
2023-06-20,603551,10.33,10.4,10.43,10.13,28497,34792576.0,2.91,0.97,0.1,0.71
2023-06-21,603551,10.31,10.35,10.51,10.28,17533,21575809.0,2.21,-0.48,-0.05,0.44
2023-06-26,603551,10.24,10.16,10.4,10.12,17858,21630076.0,2.71,-1.84,-0.19,0.45
2023-06-27,603551,10.16,11.0,11.11,10.07,60678,76852453.0,10.24,8.27,0.84,1.52
2023-06-28,603551,11.04,11.09,11.25,10.74,51990,67057819.0,4.64,0.82,0.09,1.3
2023-06-29,603551,11.04,10.98,11.08,10.86,25346,32554179.0,1.98,-0.99,-0.11,0.63
2023-06-30,603551,10.98,11.04,11.34,10.91,34797,45120730.0,3.92,0.55,0.06,0.87
2023-07-03,603551,11.03,10.75,11.03,10.56,42999,54239675.0,4.26,-2.63,-0.29,1.08
2023-07-04,603551,10.81,11.03,11.14,10.69,42701,55090684.0,4.19,2.6,0.28,1.07
2023-07-05,603551,10.97,11.01,11.11,10.81,21530,27754300.0,2.72,-0.18,-0.02,0.54
2023-07-06,603551,11.06,10.76,11.16,10.69,20214,25734021.0,4.27,-2.27,-0.25,0.51
2023-07-07,603551,10.76,10.7,10.85,10.61,14238,17947987.0,2.23,-0.56,-0.06,0.36
2023-07-10,603551,10.7,10.56,10.78,10.41,21599,26788764.0,3.46,-1.31,-0.14,0.54
2023-07-11,603551,10.74,10.64,10.76,10.41,33410,41679945.0,3.31,0.76,0.08,0.84
2023-07-12,603551,10.76,10.37,10.76,10.31,29030,35893847.0,4.23,-2.54,-0.27,0.73
2023-07-13,603551,10.47,10.27,10.54,10.21,34746,42404695.0,3.18,-0.96,-0.1,0.87
2023-07-14,603551,10.36,10.03,10.36,9.96,31271,37500360.0,3.89,-2.34,-0.24,0.78
2023-07-17,603551,10.07,9.95,10.07,9.84,29068,34338232.0,2.29,-0.8,-0.08,0.73
2023-07-18,603551,10.0,10.25,10.5,9.89,31824,38691460.0,6.13,3.02,0.3,0.8
2023-07-19,603551,10.38,10.4,10.61,10.25,26551,32699247.0,3.51,1.46,0.15,0.67
2023-07-20,603551,10.4,10.12,10.45,10.06,15033,18231834.0,3.75,-2.69,-0.28,0.38
2023-07-21,603551,10.24,9.88,10.24,9.86,14369,17081810.0,3.75,-2.37,-0.24,0.36
2023-07-24,603551,9.94,10.04,10.08,9.83,20975,24887414.0,2.53,1.62,0.16,0.53
2023-07-25,603551,10.16,10.64,10.69,10.13,32579,40284288.0,5.58,5.98,0.6,0.82
2023-07-26,603551,10.63,9.98,10.64,9.88,35774,42963432.0,7.14,-6.2,-0.66,0.9
2023-07-27,603551,10.04,9.78,10.12,9.76,19902,23466459.0,3.61,-2.0,-0.2,0.5
2023-07-28,603551,9.93,10.06,10.16,9.73,23149,27551216.0,4.4,2.86,0.28,0.58
2023-07-31,603551,10.19,9.96,10.29,9.91,27263,32575033.0,3.78,-0.99,-0.1,0.68
2023-08-01,603551,10.0,10.04,10.11,9.87,25999,30970883.0,2.41,0.8,0.08,0.65
2023-08-02,603551,10.05,10.03,10.36,9.92,23046,27698756.0,4.38,-0.1,-0.01,0.58
2023-08-03,603551,10.03,9.8,10.12,9.77,21546,25305301.0,3.49,-2.29,-0.23,0.54
2023-08-04,603551,9.96,9.99,10.21,9.92,27781,33233555.0,2.96,1.94,0.19,0.7
2023-08-07,603551,10.03,9.85,10.03,9.79,21865,25679976.0,2.4,-1.4,-0.14,0.55
2023-08-08,603551,9.88,9.83,9.95,9.77,15365,17988436.0,1.83,-0.2,-0.02,0.38
2023-08-09,603551,9.77,9.69,9.81,9.64,15361,17831963.0,1.73,-1.42,-0.14,0.38
2023-08-10,603551,9.69,9.7,9.82,9.57,12549,14507891.0,2.58,0.1,0.01,0.31
2023-08-11,603551,9.76,9.54,9.83,9.53,10708,12355949.0,3.09,-1.65,-0.16,0.27
2023-08-14,603551,9.51,9.51,9.55,9.34,15798,17897934.0,2.2,-0.31,-0.03,0.4
2023-08-15,603551,9.69,9.41,9.69,9.35,13565,15363139.0,3.58,-1.05,-0.1,0.34
2023-08-16,603551,9.48,9.33,9.48,9.29,12293,13812828.0,2.02,-0.85,-0.08,0.31
2023-08-17,603551,9.22,9.56,9.6,9.22,14274,16157390.0,4.07,2.47,0.23,0.36
2023-08-18,603551,9.56,9.34,9.63,9.32,11951,13568093.0,3.24,-2.3,-0.22,0.3
2023-08-21,603551,9.3,9.25,9.61,9.24,17338,19621368.0,3.96,-0.96,-0.09,0.43
2023-08-22,603551,9.36,9.33,9.38,9.11,14523,16162585.0,2.92,0.86,0.08,0.36
2023-08-23,603551,9.43,9.08,9.43,9.02,16569,18247465.0,4.39,-2.68,-0.25,0.42
2023-08-24,603551,9.21,9.14,9.26,9.02,14597,16108233.0,2.64,0.66,0.06,0.37
2023-08-25,603551,9.08,8.92,9.21,8.87,15175,16540548.0,3.72,-2.41,-0.22,0.38
2023-08-28,603551,9.43,9.19,9.61,9.06,26175,29304362.0,6.17,3.03,0.27,0.66
2023-08-29,603551,9.14,9.47,9.54,9.08,21729,24367384.0,5.01,3.05,0.28,0.54
2023-08-30,603551,9.62,9.77,9.82,9.47,22516,26187307.0,3.7,3.17,0.3,0.56
2023-08-31,603551,9.72,9.76,9.86,9.69,17069,19886299.0,1.74,-0.1,-0.01,0.43
2023-09-01,603551,9.77,9.96,9.99,9.69,27606,32610684.0,3.07,2.05,0.2,0.69
2023-09-04,603551,10.11,10.79,10.81,10.01,61398,76309535.0,8.03,8.33,0.83,1.54
2023-09-05,603551,10.78,12.06,12.06,10.61,200378,273939352.0,13.44,11.77,1.27,5.02
2023-09-06,603551,12.71,10.81,12.71,10.67,264413,341698833.0,16.92,-10.36,-1.25,6.62
2023-09-07,603551,10.61,9.83,10.77,9.78,195822,234527722.0,9.16,-9.07,-0.98,4.91
2023-09-08,603551,9.74,8.86,9.74,8.83,144370,158759262.0,9.26,-9.87,-0.97,3.62
2023-09-11,603551,8.77,8.58,8.82,8.45,99808,104117331.0,4.18,-3.16,-0.28,2.5
2023-09-12,603551,8.58,8.62,8.69,8.47,75327,78732850.0,2.56,0.47,0.04,1.89
2023-09-13,603551,8.58,8.39,8.58,8.26,62549,64429128.0,3.71,-2.67,-0.23,1.57
2023-09-14,603551,8.42,8.32,8.45,8.22,40282,41101444.0,2.74,-0.83,-0.07,1.01
2023-09-15,603551,8.36,8.51,8.57,8.31,51687,53592386.0,3.13,2.28,0.19,1.29
2023-09-18,603551,8.58,9.03,9.3,8.41,98061,106257746.0,10.46,6.11,0.52,2.46
2023-09-19,603551,9.15,8.91,9.15,8.9,45206,49158629.0,2.77,-1.33,-0.12,1.13
2023-09-20,603551,8.92,9.06,9.14,8.8,42334,46091570.0,3.82,1.68,0.15,1.06
2023-09-21,603551,9.07,9.0,9.18,8.88,32614,35512612.0,3.31,-0.66,-0.06,0.82
2023-09-22,603551,8.96,9.07,9.13,8.92,22335,24449337.0,2.33,0.78,0.07,0.56
2023-09-25,603551,9.08,9.03,9.15,8.92,29162,31777350.0,2.54,-0.44,-0.04,0.73
2023-09-26,603551,8.99,8.99,9.07,8.95,19876,21662899.0,1.33,-0.44,-0.04,0.5
2023-09-27,603551,9.03,9.09,9.17,8.94,24032,26421979.0,2.56,1.11,0.1,0.6
2023-09-28,603551,9.18,9.36,9.37,9.08,26170,29222439.0,3.19,2.97,0.27,0.66
2023-10-09,603551,9.36,9.2,9.47,9.16,34408,38515140.0,3.31,-1.71,-0.16,0.86
2023-10-10,603551,9.21,9.0,9.28,8.94,27696,30329412.0,3.7,-2.17,-0.2,0.69
2023-10-11,603551,9.02,9.11,9.17,8.91,31527,34532396.0,2.89,1.22,0.11,0.79
2023-10-12,603551,9.14,8.94,9.14,8.91,24449,26559726.0,2.52,-1.87,-0.17,0.61
2023-10-13,603551,8.98,8.94,9.07,8.9,20953,22749745.0,1.9,0.0,0.0,0.52
2023-10-16,603551,8.98,8.91,9.07,8.88,22513,24411242.0,2.13,-0.34,-0.03,0.56
2023-10-17,603551,8.91,8.9,8.97,8.72,22166,23820654.0,2.81,-0.11,-0.01,0.56
2023-10-18,603551,8.94,8.6,8.94,8.58,24206,25610250.0,4.04,-3.37,-0.3,0.61
2023-10-19,603551,8.72,8.61,8.75,8.55,19863,20958783.0,2.33,0.12,0.01,0.5
2023-10-20,603551,8.61,8.58,8.75,8.51,19464,20418363.0,2.79,-0.35,-0.03,0.49
2023-10-23,603551,8.64,8.45,8.64,8.36,24344,25316673.0,3.26,-1.52,-0.13,0.61
2023-10-24,603551,8.45,8.63,8.63,8.37,18188,18930659.0,3.08,2.13,0.18,0.46
2023-10-25,603551,8.63,8.74,8.81,8.63,14440,15301875.0,2.09,1.27,0.11,0.36
2023-10-26,603551,8.71,8.66,8.76,8.61,14001,14815402.0,1.72,-0.92,-0.08,0.35
2023-10-27,603551,8.62,9.0,9.09,8.62,21241,22959048.0,5.43,3.93,0.34,0.53
2023-10-30,603551,9.0,8.87,9.19,8.85,29176,31764151.0,3.78,-1.44,-0.13,0.73
2023-10-31,603551,8.9,8.61,8.98,8.59,20646,21925784.0,4.4,-2.93,-0.26,0.52
2023-11-01,603551,8.65,8.67,8.81,8.55,33396,35318992.0,3.02,0.7,0.06,0.84
2023-11-02,603551,8.57,8.42,8.76,8.4,23721,24679958.0,4.15,-2.88,-0.25,0.59
2023-11-03,603551,8.45,8.61,8.78,8.45,22576,23786160.0,3.92,2.26,0.19,0.57
2023-11-06,603551,8.8,8.99,9.03,8.66,34554,37253667.0,4.3,4.41,0.38,0.87
2023-11-07,603551,9.05,8.89,9.05,8.77,16970,18255807.0,3.11,-1.11,-0.1,0.43
2023-11-08,603551,8.93,8.93,9.04,8.82,16523,17852723.0,2.47,0.45,0.04,0.41
2023-11-09,603551,8.97,8.87,8.99,8.82,16016,17263771.0,1.9,-0.67,-0.06,0.4
2023-11-10,603551,8.91,8.88,8.99,8.79,20905,22583033.0,2.25,0.11,0.01,0.52
2023-11-13,603551,8.87,8.9,9.0,8.83,28038,30261282.0,1.91,0.23,0.02,0.7
2023-11-14,603551,8.93,8.86,8.93,8.78,15693,16850494.0,1.69,-0.45,-0.04,0.39
2023-11-15,603551,8.94,8.93,9.0,8.86,14203,15371105.0,1.58,0.79,0.07,0.36
2023-11-16,603551,8.92,8.91,8.99,8.88,12548,13590071.0,1.23,-0.22,-0.02,0.31
2023-11-17,603551,8.88,8.96,8.98,8.8,13936,15019467.0,2.02,0.56,0.05,0.35
2023-11-20,603551,8.98,9.07,9.08,8.83,23252,25297526.0,2.79,1.23,0.11,0.58
2023-11-21,603551,9.11,9.03,9.17,8.97,14949,16411017.0,2.21,-0.44,-0.04,0.37
2023-11-22,603551,9.07,8.87,9.07,8.87,16104,17497570.0,2.21,-1.77,-0.16,0.4
2023-11-23,603551,8.91,9.03,9.06,8.86,15821,17216123.0,2.25,1.8,0.16,0.4
2023-11-24,603551,9.02,8.91,9.03,8.86,13713,14823645.0,1.88,-1.33,-0.12,0.34
2023-11-27,603551,8.92,8.9,9.01,8.84,19200,20743577.0,1.91,-0.11,-0.01,0.48
2023-11-28,603551,9.01,9.06,9.17,8.91,25627,28099620.0,2.92,1.8,0.16,0.64
2023-11-29,603551,9.07,8.98,9.1,8.94,11526,12543200.0,1.77,-0.88,-0.08,0.29
2023-11-30,603551,8.98,8.89,9.01,8.8,13190,14214849.0,2.34,-1.0,-0.09,0.33
2023-12-01,603551,8.91,8.87,8.93,8.79,14147,15229010.0,1.57,-0.22,-0.02,0.35
2023-12-04,603551,8.95,8.7,8.95,8.69,20326,21680190.0,2.93,-1.92,-0.17,0.51
2023-12-05,603551,8.74,8.41,8.75,8.41,24909,25934240.0,3.91,-3.33,-0.29,0.62
2023-12-06,603551,8.45,8.61,8.64,8.42,20939,21852044.0,2.62,2.38,0.2,0.52
2023-12-07,603551,8.59,8.57,8.68,8.5,19903,20800917.0,2.09,-0.46,-0.04,0.5
2023-12-08,603551,8.68,8.16,8.68,8.09,39818,40486258.0,6.88,-4.78,-0.41,1.0
2023-12-11,603551,8.05,8.24,8.25,8.01,31815,31833653.0,2.94,0.98,0.08,0.8
2023-12-12,603551,8.3,8.37,8.37,8.15,15408,15672390.0,2.67,1.58,0.13,0.39
2023-12-13,603551,8.31,8.28,8.4,8.2,13255,13491472.0,2.39,-1.08,-0.09,0.33
2023-12-14,603551,8.36,8.31,8.43,8.29,11396,11681146.0,1.69,0.36,0.03,0.29
2023-12-15,603551,8.3,8.4,8.52,8.3,17679,18265623.0,2.65,1.08,0.09,0.44
2023-12-18,603551,8.32,8.17,8.38,8.14,23939,24295739.0,2.86,-2.74,-0.23,0.6
2023-12-19,603551,8.15,8.16,8.35,8.09,16180,16231221.0,3.18,-0.12,-0.01,0.41
2023-12-20,603551,8.15,8.12,8.24,8.11,17301,17415976.0,1.59,-0.49,-0.04,0.43
2023-12-21,603551,8.08,8.33,8.36,8.04,18580,18785355.0,3.94,2.59,0.21,0.47
2023-12-22,603551,8.36,8.3,8.46,8.26,19050,19525387.0,2.4,-0.36,-0.03,0.48
2023-12-25,603551,8.3,7.98,8.31,7.87,22490,22277559.0,5.3,-3.86,-0.32,0.56
2023-12-26,603551,7.93,7.76,8.0,7.69,23010,22226022.0,3.88,-2.76,-0.22,0.58
2023-12-27,603551,7.74,7.97,8.02,7.69,14665,14344048.0,4.25,2.71,0.21,0.37
2023-12-28,603551,7.92,8.29,8.31,7.86,23157,23263389.0,5.65,4.02,0.32,0.58
2023-12-29,603551,8.26,8.7,8.74,8.21,30466,31713774.0,6.39,4.95,0.41,0.76
2024-01-02,603551,8.71,8.79,8.85,8.52,30438,32293771.0,3.79,1.03,0.09,0.76
2024-01-03,603551,8.79,8.69,8.82,8.55,18603,19652469.0,3.07,-1.14,-0.1,0.47
2024-01-04,603551,8.76,8.74,8.77,8.56,16303,17196469.0,2.42,0.58,0.05,0.41
2024-01-05,603551,8.68,8.65,8.83,8.56,19883,21002561.0,3.09,-1.03,-0.09,0.5
2024-01-08,603551,8.66,8.5,8.76,8.46,21017,22019560.0,3.47,-1.73,-0.15,0.53
2024-01-09,603551,8.58,8.62,8.69,8.53,21263,22295183.0,1.88,1.41,0.12,0.53
2024-01-10,603551,8.63,8.59,8.72,8.48,15741,16502832.0,2.78,-0.35,-0.03,0.39
2024-01-11,603551,8.51,8.61,8.65,8.51,12360,12958737.0,1.63,0.23,0.02,0.31
2024-01-12,603551,8.67,8.56,8.76,8.55,14122,14884750.0,2.44,-0.58,-0.05,0.35
2024-01-15,603551,8.61,8.71,8.76,8.5,17326,18290314.0,3.04,1.75,0.15,0.43
2024-01-16,603551,8.75,8.7,8.78,8.56,16292,17187102.0,2.53,-0.11,-0.01,0.41
2024-01-17,603551,8.72,8.61,8.78,8.58,21136,22419177.0,2.3,-1.03,-0.09,0.53
2024-01-18,603551,8.53,8.31,8.74,8.04,30629,31121413.0,8.13,-3.48,-0.3,0.77
2024-01-19,603551,8.45,8.23,8.46,8.18,25531,25993588.0,3.37,-0.96,-0.08,0.64
2024-01-22,603551,8.9,7.57,9.24,7.23,143318,150732849.0,24.42,-8.02,-0.66,3.59
2024-01-23,603551,7.48,7.49,7.79,7.37,123260,116635334.0,5.55,-1.06,-0.08,3.09
2024-01-24,603551,7.55,7.83,7.97,7.49,64354,61689897.0,6.41,4.54,0.34,1.61
2024-01-25,603551,7.83,8.01,8.08,7.67,43875,42945106.0,5.24,2.3,0.18,1.1
2024-01-26,603551,8.0,8.29,8.43,7.93,41733,42336304.0,6.24,3.5,0.28,1.05
2024-01-29,603551,8.12,7.88,8.31,7.83,39926,39440089.0,5.79,-4.95,-0.41,1.0
2024-01-30,603551,7.84,7.59,7.96,7.56,31120,29922698.0,5.08,-3.68,-0.29,0.78
2024-01-31,603551,7.6,7.31,7.64,7.29,38752,36094021.0,4.61,-3.69,-0.28,0.97
2024-02-01,603551,7.23,7.14,7.31,6.91,39079,35115764.0,5.47,-2.33,-0.17,0.98
2024-02-02,603551,7.16,6.67,7.27,6.41,45885,39800910.0,12.04,-6.58,-0.47,1.15
2024-02-05,603551,7.09,6.33,7.21,6.21,83951,70547808.0,14.99,-5.1,-0.34,2.1
2024-02-06,603551,6.04,6.48,6.81,5.79,70059,56976688.0,16.11,2.37,0.15,1.76
2024-02-07,603551,6.6,6.36,6.6,6.19,62569,51658681.0,6.33,-1.85,-0.12,1.57
2024-02-08,603551,6.48,7.19,7.19,6.41,54309,47628465.0,12.26,13.05,0.83,1.36
2024-02-19,603551,7.5,7.61,7.9,7.33,51175,48695750.0,7.93,5.84,0.42,1.28
2024-02-20,603551,7.54,7.55,7.7,7.33,48795,45769902.0,4.86,-0.79,-0.06,1.22
2024-02-21,603551,7.44,7.62,7.79,7.44,24040,22933728.0,4.64,0.93,0.07,0.6
2024-02-22,603551,7.62,7.74,7.76,7.48,21763,20726334.0,3.67,1.57,0.12,0.55
2024-02-23,603551,7.86,7.99,8.05,7.76,30788,30151773.0,3.75,3.23,0.25,0.77
2024-02-26,603551,8.08,8.06,8.32,7.89,28984,28849225.0,5.38,0.88,0.07,0.73
2024-02-27,603551,8.08,8.27,8.27,7.91,25427,25591734.0,4.47,2.61,0.21,0.64
2024-02-28,603551,8.31,7.7,8.39,7.68,36614,36452164.0,8.59,-6.89,-0.57,0.92
2024-02-29,603551,7.57,7.94,7.94,7.57,25778,24960214.0,4.81,3.12,0.24,0.65
2024-03-01,603551,7.92,8.04,8.08,7.82,27354,26963328.0,3.27,1.26,0.1,0.69
2024-03-04,603551,8.06,8.22,8.23,7.94,25960,26066044.0,3.61,2.24,0.18,0.65
2024-03-05,603551,8.24,8.08,8.24,8.01,21837,21800550.0,2.8,-1.7,-0.14,0.55
2024-03-06,603551,8.03,8.15,8.23,8.01,14448,14484239.0,2.72,0.87,0.07,0.36
2024-03-07,603551,8.21,8.36,8.46,8.15,32468,33263954.0,3.8,2.58,0.21,0.81
2024-03-08,603551,8.22,8.39,8.43,8.22,18825,19228013.0,2.51,0.36,0.03,0.47
2024-03-11,603551,8.37,8.39,8.45,8.28,12720,13023082.0,2.03,0.0,0.0,0.32
2024-03-12,603551,8.41,8.62,8.71,8.33,24465,25453885.0,4.53,2.74,0.23,0.61
2024-03-13,603551,8.6,8.66,8.67,8.51,17972,18886053.0,1.86,0.46,0.04,0.45
2024-03-14,603551,8.69,8.71,8.76,8.57,14618,15450778.0,2.19,0.58,0.05,0.37
2024-03-15,603551,8.68,8.65,8.71,8.57,14428,15187530.0,1.61,-0.69,-0.06,0.36
2024-03-18,603551,8.7,8.74,8.78,8.62,14467,15338461.0,1.85,1.04,0.09,0.36
2024-03-19,603551,8.76,8.87,8.95,8.74,20620,22222400.0,2.4,1.49,0.13,0.52
2024-03-20,603551,8.87,8.88,8.93,8.71,19673,21075530.0,2.48,0.11,0.01,0.49
2024-03-21,603551,8.85,8.91,8.92,8.77,18555,19952859.0,1.69,0.34,0.03,0.47
2024-03-22,603551,8.84,8.82,8.93,8.75,13995,15001149.0,2.02,-1.01,-0.09,0.35
2024-03-25,603551,8.7,8.65,8.89,8.64,20760,22159546.0,2.83,-1.93,-0.17,0.52
2024-03-26,603551,8.6,8.6,8.69,8.47,17111,17915867.0,2.54,-0.58,-0.05,0.43
2024-03-27,603551,8.64,8.58,8.85,8.55,20054,21231486.0,3.49,-0.23,-0.02,0.5
2024-03-28,603551,8.6,8.68,8.85,8.56,19001,20186271.0,3.38,1.17,0.1,0.48
2024-03-29,603551,8.61,8.61,8.72,8.51,23614,24669630.0,2.42,-0.81,-0.07,0.59
2024-04-01,603551,8.63,9.03,9.03,8.63,33700,36202153.0,4.65,4.88,0.42,0.85
2024-04-02,603551,8.92,9.07,9.09,8.91,17442,19004391.0,1.99,0.44,0.04,0.44
2024-04-03,603551,9.07,9.18,9.21,8.91,18899,20803154.0,3.31,1.21,0.11,0.47
2024-04-08,603551,9.11,8.94,9.18,8.92,16060,17595565.0,2.83,-2.61,-0.24,0.4
2024-04-09,603551,8.95,8.83,8.99,8.73,15805,16949546.0,2.91,-1.23,-0.11,0.4
2024-04-10,603551,8.79,8.59,8.81,8.47,23173,24332790.0,3.85,-2.72,-0.24,0.58
2024-04-11,603551,8.5,8.64,8.83,8.46,14551,15398878.0,4.31,0.58,0.05,0.37
2024-04-12,603551,8.66,8.82,9.13,8.66,32099,34767172.0,5.44,2.08,0.18,0.81
2024-04-15,603551,8.91,8.49,9.08,8.31,49529,52367411.0,8.73,-3.74,-0.33,1.24
2024-04-16,603551,8.38,8.25,8.46,7.99,47234,47731459.0,5.54,-2.83,-0.24,1.19
2024-04-17,603551,8.38,8.82,8.84,8.26,32967,34768792.0,7.03,6.91,0.57,0.83
2024-04-18,603551,8.85,9.89,9.89,8.85,89362,102962240.0,11.79,12.13,1.07,2.24
2024-04-19,603551,9.89,9.53,9.96,9.19,147230,166414431.0,7.79,-3.64,-0.36,3.69
2024-04-22,603551,9.31,10.44,10.67,9.22,135744,157809872.0,15.22,9.55,0.91,3.41
2024-04-23,603551,9.88,9.87,10.35,9.48,109510,129179191.0,8.33,-5.46,-0.57,2.75
2024-04-24,603551,10.07,9.7,10.07,9.34,99423,114621784.0,7.4,-1.72,-0.17,2.49
2024-04-25,603551,9.61,9.68,9.91,9.42,65639,75659430.0,5.05,-0.21,-0.02,1.65
2024-04-26,603551,9.56,9.67,9.77,9.42,58163,66745812.0,3.62,-0.1,-0.01,1.46
2024-04-29,603551,9.67,9.45,9.67,9.37,62305,70957521.0,3.1,-2.28,-0.22,1.56
2024-04-30,603551,9.4,9.52,9.65,9.39,47177,53855268.0,2.75,0.74,0.07,1.18
2024-05-06,603551,9.59,9.87,9.88,9.59,79152,92041451.0,3.05,3.68,0.35,1.98
2024-05-07,603551,9.93,9.87,9.96,9.68,62396,72994091.0,2.84,0.0,0.0,1.56
2024-05-08,603551,9.81,9.66,9.92,9.64,35834,41833948.0,2.84,-2.13,-0.21,0.9
2024-05-09,603551,9.62,9.81,9.86,9.57,41648,48569777.0,3.0,1.55,0.15,1.04
2024-05-10,603551,9.82,10.06,10.11,9.77,58505,69380281.0,3.47,2.55,0.25,1.46
2024-05-13,603551,9.99,9.95,10.17,9.65,39670,46763821.0,5.17,-1.09,-0.11,0.99
2024-05-14,603551,9.93,10.16,10.21,9.91,46240,55508200.0,3.02,2.11,0.21,1.16
2024-05-15,603551,10.15,10.66,10.87,10.03,96669,120166125.0,8.27,4.92,0.5,2.42
2024-05-16,603551,10.54,10.95,11.06,10.31,92817,116705211.0,7.04,2.72,0.29,2.32
2024-05-17,603551,10.72,10.81,11.06,10.62,69256,87725900.0,4.02,-1.28,-0.14,1.73
2024-05-20,603551,10.71,10.34,10.95,10.28,81624,101253667.0,6.2,-4.35,-0.47,2.04
2024-05-21,603551,10.3,10.36,10.47,10.22,29889,36585728.0,2.42,0.19,0.02,0.75
2024-05-22,603551,10.38,10.24,10.44,10.16,39494,48210424.0,2.7,-1.16,-0.12,0.99
2024-05-23,603551,10.16,10.02,10.29,9.86,44045,52532244.0,4.2,-2.15,-0.22,1.1
2024-05-24,603551,10.03,9.97,10.17,9.92,25439,30343658.0,2.5,-0.5,-0.05,0.64
2024-05-27,603551,9.97,10.26,10.27,9.87,33368,40044541.0,4.01,2.91,0.29,0.83
2024-05-28,603551,10.21,9.96,10.24,9.87,32105,38074739.0,3.61,-2.92,-0.3,0.8
2024-05-29,603551,10.09,10.16,10.22,10.03,23562,28362567.0,1.91,2.01,0.2,0.59
2024-05-30,603551,10.17,10.14,10.51,10.01,35285,42995319.0,4.92,-0.2,-0.02,0.88
2024-05-31,603551,10.15,9.96,10.24,9.89,33117,39407178.0,3.45,-1.78,-0.18,0.83
2024-06-03,603551,9.96,10.4,10.41,9.96,75133,91231328.0,4.52,4.42,0.44,1.88
2024-06-04,603551,10.22,9.88,10.22,9.25,62506,68418709.0,9.33,-5.0,-0.52,1.56
2024-06-05,603551,9.86,9.46,10.0,9.43,47320,50746699.0,5.77,-4.25,-0.42,1.18
2024-06-06,603551,9.4,9.33,9.57,9.14,38449,39949066.0,4.55,-1.37,-0.13,0.96
2024-06-07,603551,9.35,9.33,9.47,9.2,22519,23440951.0,2.89,0.0,0.0,0.56
2024-06-11,603551,9.28,9.2,9.28,8.98,32877,33768564.0,3.22,-1.39,-0.13,0.82
2024-06-12,603551,9.18,9.17,9.38,9.12,24873,25719216.0,2.83,-0.33,-0.03,0.62
2024-06-13,603551,9.23,9.2,9.26,9.14,17459,18004627.0,1.31,0.33,0.03,0.44
2024-06-14,603551,9.24,9.35,9.44,9.12,24695,25828636.0,3.48,1.63,0.15,0.62
2024-06-17,603551,9.31,9.0,9.32,8.98,26619,27183062.0,3.64,-3.74,-0.35,0.67
2024-06-18,603551,8.94,8.86,9.04,8.75,30319,30235874.0,3.22,-1.56,-0.14,0.76
2024-06-19,603551,8.88,8.88,8.96,8.78,19473,19475498.0,2.03,0.23,0.02,0.49
2024-06-20,603551,8.84,8.71,8.96,8.7,18393,18236890.0,2.93,-1.91,-0.17,0.46
2024-06-21,603551,8.73,8.7,8.77,8.65,11603,11402894.0,1.38,-0.11,-0.01,0.29
2024-06-24,603551,8.68,8.47,8.75,8.38,28911,27927150.0,4.25,-2.64,-0.23,0.72
2024-06-25,603551,8.4,8.68,8.76,8.4,23686,23127872.0,4.25,2.48,0.21,0.59
2024-06-26,603551,8.68,8.71,8.75,8.6,17043,16697949.0,1.73,0.35,0.03,0.43
2024-06-27,603551,8.7,8.64,8.83,8.56,16599,16283818.0,3.1,-0.8,-0.07,0.42
2024-06-28,603551,8.63,8.68,8.75,8.55,20396,20028214.0,2.31,0.46,0.04,0.51
2024-07-01,603551,8.71,8.74,8.75,8.6,18718,18394651.0,1.73,0.69,0.06,0.47
2024-07-02,603551,8.76,8.65,8.77,8.6,12244,11974964.0,1.95,-1.03,-0.09,0.31
2024-07-03,603551,8.65,8.58,8.68,8.58,9234,8990153.0,1.16,-0.81,-0.07,0.23
2024-07-04,603551,8.63,8.5,8.73,8.45,16336,15842562.0,3.26,-0.93,-0.08,0.41
2024-07-05,603551,8.55,8.61,8.63,8.43,10374,9996335.0,2.35,1.29,0.11,0.26
2024-07-08,603551,8.57,8.3,8.58,8.26,17146,16338734.0,3.72,-3.6,-0.31,0.43
2024-07-09,603551,8.33,8.53,8.54,8.21,17810,16959669.0,3.98,2.77,0.23,0.45
2024-07-10,603551,8.53,8.47,8.57,8.46,12307,11843888.0,1.29,-0.7,-0.06,0.31
2024-07-11,603551,8.6,8.69,8.71,8.49,10245,9985178.0,2.6,2.6,0.22,0.26
2024-07-12,603551,8.6,8.79,8.81,8.6,13474,13239200.0,2.42,1.15,0.1,0.34
2024-07-15,603551,8.78,8.71,8.81,8.65,9251,9097124.0,1.82,-0.91,-0.08,0.23
2024-07-16,603551,8.71,8.58,8.71,8.51,8752,8478541.0,2.3,-1.49,-0.13,0.22
2024-07-17,603551,8.53,8.52,8.57,8.46,8090,7785685.0,1.28,-0.7,-0.06,0.2
2024-07-18,603551,8.46,8.6,8.61,8.34,9458,9060099.0,3.17,0.94,0.08,0.24
2024-07-19,603551,8.58,8.61,8.64,8.46,6077,5894953.0,2.09,0.12,0.01,0.15
2024-07-22,603551,8.61,8.41,8.67,8.36,11902,11374718.0,3.6,-2.32,-0.2,0.3
2024-07-23,603551,8.43,8.3,8.46,8.3,6840,6491288.0,1.9,-1.31,-0.11,0.17
2024-07-24,603551,8.29,8.25,8.41,8.13,8705,8145177.0,3.37,-0.6,-0.05,0.22
2024-07-25,603551,8.18,8.37,8.42,8.13,5396,5092350.0,3.52,1.45,0.12,0.14
2024-07-26,603551,8.48,8.65,8.78,8.46,17747,17398740.0,3.82,3.35,0.28,0.44
2024-07-29,603551,8.61,8.43,8.61,8.36,10404,9941513.0,2.89,-2.54,-0.22,0.26
2024-07-30,603551,8.43,8.4,8.5,8.33,8255,7871156.0,2.02,-0.36,-0.03,0.21
2024-07-31,603551,8.43,8.71,8.8,8.38,11913,11645697.0,5.0,3.69,0.31,0.3
2024-08-01,603551,8.79,8.71,8.95,8.69,10497,10404102.0,2.99,0.0,0.0,0.26
2024-08-02,603551,8.74,8.71,8.81,8.57,8621,8482733.0,2.76,0.0,0.0,0.22
2024-08-05,603551,8.8,8.67,8.88,8.55,16974,16733736.0,3.79,-0.46,-0.04,0.42
2024-08-06,603551,8.64,8.86,8.86,8.6,11753,11601347.0,3.0,2.19,0.19,0.29
2024-08-07,603551,8.87,8.73,8.89,8.73,7227,7171063.0,1.81,-1.47,-0.13,0.18
2024-08-08,603551,8.7,8.8,8.87,8.66,9336,9250664.0,2.41,0.8,0.07,0.23
2024-08-09,603551,8.89,8.73,8.89,8.73,3981,3954682.0,1.82,-0.8,-0.07,0.1
2024-08-12,603551,8.73,8.87,8.96,8.66,13991,13970080.0,3.44,1.6,0.14,0.35
2024-08-13,603551,8.92,8.98,9.0,8.83,10470,10509803.0,1.92,1.24,0.11,0.26
2024-08-14,603551,8.97,8.95,8.98,8.85,5959,5984953.0,1.45,-0.33,-0.03,0.15
2024-08-15,603551,8.88,9.13,9.14,8.88,9365,9515133.0,2.91,2.01,0.18,0.23
2024-08-16,603551,9.14,9.1,9.14,8.99,7285,7432007.0,1.64,-0.33,-0.03,0.18
2024-08-19,603551,9.09,8.99,9.18,8.88,13060,13205533.0,3.3,-1.21,-0.11,0.33
2024-08-20,603551,8.93,8.8,8.96,8.77,10915,10845795.0,2.11,-2.11,-0.19,0.27
2024-08-21,603551,8.7,8.74,8.87,8.65,8868,8729095.0,2.5,-0.68,-0.06,0.22
2024-08-22,603551,8.48,8.24,8.54,8.23,20779,19725093.0,3.55,-5.72,-0.5,0.52
2024-08-23,603551,8.23,8.47,8.52,8.18,14271,13547895.0,4.13,2.79,0.23,0.36
2024-08-26,603551,8.48,8.53,8.63,8.32,8240,7872861.0,3.66,0.71,0.06,0.21
2024-08-27,603551,8.49,8.36,8.54,8.31,7098,6767140.0,2.7,-1.99,-0.17,0.18
2024-08-28,603551,8.36,8.31,8.42,8.24,6415,6042856.0,2.15,-0.6,-0.05,0.16
2024-08-29,603551,8.18,8.12,8.3,8.09,15534,14463748.0,2.53,-2.29,-0.19,0.39
2024-08-30,603551,8.09,8.24,8.37,7.94,13478,12495928.0,5.3,1.48,0.12,0.34
2024-09-02,603551,8.14,8.16,8.3,8.13,9913,9244391.0,2.06,-0.97,-0.08,0.25
2024-09-03,603551,8.17,8.34,8.38,8.09,7775,7309446.0,3.55,2.21,0.18,0.19
2024-09-04,603551,8.28,8.29,8.41,8.28,6459,6105940.0,1.56,-0.6,-0.05,0.16
2024-09-05,603551,8.32,8.38,8.4,8.23,4314,4069527.0,2.05,1.09,0.09,0.11
2024-09-06,603551,8.4,8.28,8.48,8.25,5498,5185607.0,2.74,-1.19,-0.1,0.14
2024-09-09,603551,8.23,8.22,8.26,8.15,4548,4239767.0,1.33,-0.72,-0.06,0.11
2024-09-10,603551,8.18,8.31,8.39,8.08,6580,6164276.0,3.77,1.09,0.09,0.16
2024-09-11,603551,8.29,8.37,8.43,8.22,7004,6646826.0,2.53,0.72,0.06,0.18
2024-09-12,603551,8.38,8.28,8.45,8.28,3632,3448245.0,2.03,-1.08,-0.09,0.09
2024-09-13,603551,8.31,8.16,8.43,8.16,5344,5015235.0,3.26,-1.45,-0.12,0.13
2024-09-18,603551,8.2,8.11,8.23,7.99,7060,6506130.0,2.94,-0.61,-0.05,0.18
2024-09-19,603551,8.17,8.22,8.3,8.14,8950,8359774.0,1.97,1.36,0.11,0.22
2024-09-20,603551,8.41,8.14,8.41,8.08,6866,6354268.0,4.01,-0.97,-0.08,0.17
2024-09-23,603551,8.15,8.12,8.18,8.08,8098,7487609.0,1.23,-0.25,-0.02,0.2
2024-09-24,603551,8.19,8.3,8.32,8.12,19051,17828973.0,2.46,2.22,0.18,0.48
2024-09-25,603551,8.38,8.27,8.57,8.26,25966,24784030.0,3.73,-0.36,-0.03,0.65
2024-09-26,603551,8.28,8.6,8.61,8.16,31078,29473994.0,5.44,3.99,0.33,0.78
2024-09-27,603551,8.62,9.0,9.02,8.62,21445,21342028.0,4.65,4.65,0.4,0.54
2024-09-30,603551,9.4,9.72,9.86,9.0,56591,58251889.0,9.56,8.0,0.72,1.42
2024-10-08,603551,10.75,9.94,10.78,9.47,80626,88903035.0,13.48,2.26,0.22,2.02
2024-10-09,603551,10.14,9.42,10.14,9.29,48236,50038402.0,8.55,-5.23,-0.52,1.21
2024-10-10,603551,9.47,9.5,9.75,9.32,31222,32401835.0,4.56,0.85,0.08,0.78
2024-10-11,603551,9.42,9.21,9.71,9.14,21306,21593193.0,6.0,-3.05,-0.29,0.53
2024-10-14,603551,9.37,9.61,9.64,9.28,22281,22990923.0,3.91,4.34,0.4,0.56
2024-10-15,603551,9.57,9.29,9.6,9.29,15704,16114433.0,3.23,-3.33,-0.32,0.39
2024-10-16,603551,9.29,9.27,9.42,9.18,9398,9530063.0,2.58,-0.22,-0.02,0.24
2024-10-17,603551,9.35,9.14,9.43,9.08,12746,12820200.0,3.78,-1.4,-0.13,0.32
2024-10-18,603551,9.06,9.18,9.3,9.06,23666,23784323.0,2.63,0.44,0.04,0.59
2024-10-21,603551,9.28,9.33,9.5,9.25,37608,38350954.0,2.72,1.63,0.15,0.94
2024-10-22,603551,9.35,9.52,9.59,9.29,37080,38228455.0,3.22,2.04,0.19,0.93
2024-10-23,603551,9.52,9.57,9.7,9.41,28243,29285970.0,3.05,0.53,0.05,0.71
2024-10-24,603551,9.59,9.97,10.03,9.55,56894,60707565.0,5.02,4.18,0.4,1.42
2024-10-25,603551,9.97,9.84,10.11,9.74,46024,49372325.0,3.71,-1.3,-0.13,1.15
2024-10-28,603551,9.83,10.02,10.06,9.69,33656,36251968.0,3.76,1.83,0.18,0.84
2024-10-29,603551,10.02,9.87,10.05,9.77,29758,31885309.0,2.79,-1.5,-0.15,0.74
2024-10-30,603551,9.9,9.63,9.9,9.58,28421,29955074.0,3.24,-2.43,-0.24,0.71
2024-10-31,603551,9.65,9.6,9.71,9.43,18681,19464450.0,2.91,-0.31,-0.03,0.47
2024-11-01,603551,9.51,9.29,9.65,9.27,20988,21545670.0,3.96,-3.23,-0.31,0.53
2024-11-04,603551,9.27,9.57,9.76,9.27,23179,24053805.0,5.27,3.01,0.28,0.58
2024-11-05,603551,9.57,9.61,9.64,9.48,22817,23735814.0,1.67,0.42,0.04,0.57
2024-11-06,603551,9.66,9.69,9.71,9.51,23682,24717198.0,2.08,0.83,0.08,0.59
2024-11-07,603551,9.69,9.94,9.98,9.62,28674,30543210.0,3.72,2.58,0.25,0.72
2024-11-08,603551,9.94,9.83,9.98,9.66,23822,25357262.0,3.22,-1.11,-0.11,0.6
2024-11-11,603551,9.87,10.54,10.7,9.75,88848,99125509.0,9.66,7.22,0.71,2.22
2024-11-12,603551,10.57,10.49,10.62,10.36,49118,55691245.0,2.47,-0.47,-0.05,1.23
2024-11-13,603551,10.43,10.38,10.57,10.2,21741,24395587.0,3.53,-1.05,-0.11,0.54
2024-11-14,603551,10.38,10.22,10.55,10.2,20755,23251544.0,3.37,-1.54,-0.16,0.52
2024-11-15,603551,10.13,10.31,10.57,10.08,32003,35745026.0,4.79,0.88,0.09,0.8
2024-11-18,603551,10.42,9.97,10.45,9.88,26244,28606304.0,5.53,-3.3,-0.34,0.66
2024-11-19,603551,10.05,10.39,10.39,9.97,24073,26581462.0,4.21,4.21,0.42,0.6
2024-11-20,603551,10.33,10.32,10.39,10.23,20546,22840759.0,1.54,-0.67,-0.07,0.51
2024-11-21,603551,10.31,10.32,10.49,10.23,17334,19363042.0,2.52,0.0,0.0,0.43
2024-11-22,603551,10.32,9.95,10.41,9.93,21738,23911198.0,4.65,-3.59,-0.37,0.54
2024-11-25,603551,9.92,10.06,10.14,9.83,23201,25135608.0,3.12,1.11,0.11,0.58
2024-11-26,603551,10.09,9.94,10.22,9.86,14049,15231672.0,3.58,-1.19,-0.12,0.35
2024-11-27,603551,9.89,10.35,10.35,9.79,34671,38158638.0,5.63,4.12,0.41,0.87
2024-11-28,603551,10.31,10.21,10.39,10.14,19138,21221246.0,2.42,-1.35,-0.14,0.48
2024-11-29,603551,10.17,10.4,10.47,10.12,30143,33717662.0,3.43,1.86,0.19,0.75
2024-12-02,603551,10.35,10.41,10.47,10.31,18410,20678915.0,1.54,0.1,0.01,0.46
2024-12-03,603551,10.42,10.41,10.44,10.26,15358,17193359.0,1.73,0.0,0.0,0.38
2024-12-04,603551,10.45,10.28,10.52,10.17,20128,22508799.0,3.36,-1.25,-0.13,0.5
2024-12-05,603551,10.28,10.47,10.52,10.22,21564,24305350.0,2.92,1.85,0.19,0.54
2024-12-06,603551,10.48,10.44,10.53,10.37,17497,19717322.0,1.53,-0.29,-0.03,0.44
2024-12-09,603551,10.44,10.49,10.56,10.33,20989,23668846.0,2.2,0.48,0.05,0.53
2024-12-10,603551,10.68,10.88,10.96,10.65,41155,47863675.0,2.96,3.72,0.39,1.03
2024-12-11,603551,10.88,11.03,11.44,10.83,41725,49785238.0,5.61,1.38,0.15,1.04
2024-12-12,603551,11.03,11.07,11.16,10.92,38418,45617837.0,2.18,0.36,0.04,0.96
2024-12-13,603551,11.07,10.82,11.13,10.73,31013,36309454.0,3.61,-2.26,-0.25,0.78
2024-12-16,603551,10.84,10.7,10.97,10.62,25226,29101191.0,3.23,-1.11,-0.12,0.63
2024-12-17,603551,10.73,10.26,10.83,10.18,37210,41752466.0,6.07,-4.11,-0.44,0.93
2024-12-18,603551,10.31,10.43,10.51,10.2,28570,32088651.0,3.02,1.66,0.17,0.71
2024-12-19,603551,10.37,10.44,10.5,10.23,15401,17264094.0,2.59,0.1,0.01,0.39
2024-12-20,603551,10.44,10.46,10.6,10.35,16390,18501079.0,2.39,0.19,0.02,0.41
2024-12-23,603551,10.46,10.09,10.53,10.05,24455,27117284.0,4.59,-3.54,-0.37,0.61
2024-12-24,603551,10.19,10.26,10.29,10.03,17524,19335118.0,2.58,1.68,0.17,0.44
2024-12-25,603551,10.26,10.07,10.26,9.95,14493,15783991.0,3.02,-1.85,-0.19,0.36
2024-12-26,603551,10.07,10.13,10.23,10.07,10872,11931195.0,1.59,0.6,0.06,0.27
2024-12-27,603551,10.13,10.23,10.36,10.05,18158,20102727.0,3.06,0.99,0.1,0.45
2024-12-30,603551,10.23,10.16,10.31,10.06,14274,15715020.0,2.44,-0.68,-0.07,0.36
2024-12-31,603551,10.17,9.85,10.24,9.75,28512,30682574.0,4.82,-3.05,-0.31,0.71
2025-01-02,603551,9.87,9.94,10.22,9.78,27589,29893671.0,4.47,0.91,0.09,0.69
2025-01-03,603551,9.94,9.85,10.37,9.77,39128,42682543.0,6.04,-0.91,-0.09,0.98
2025-01-06,603551,9.84,9.88,10.05,9.57,26537,28340625.0,4.87,0.3,0.03,0.66
2025-01-07,603551,9.92,9.96,10.13,9.78,17178,18484623.0,3.54,0.81,0.08,0.43
2025-01-08,603551,9.91,9.86,10.02,9.69,21784,23322535.0,3.31,-1.0,-0.1,0.54
2025-01-09,603551,9.84,9.68,9.9,9.62,19223,20298556.0,2.84,-1.83,-0.18,0.48
2025-01-10,603551,9.68,9.28,9.68,9.27,24752,25406320.0,4.24,-4.13,-0.4,0.62
2025-01-13,603551,9.15,9.34,9.44,9.1,18995,19203269.0,3.66,0.65,0.06,0.48
2025-01-14,603551,9.34,9.57,9.64,9.34,16616,17196538.0,3.21,2.46,0.23,0.42
2025-01-15,603551,9.57,9.52,9.67,9.47,13315,13853159.0,2.09,-0.52,-0.05,0.33
2025-01-16,603551,9.64,10.1,10.21,9.54,54557,59155240.0,7.04,6.09,0.58,1.36
2025-01-17,603551,9.99,9.72,9.99,9.5,36941,38874258.0,4.85,-3.76,-0.38,0.92
2025-01-20,603551,9.67,10.11,10.36,9.65,57141,62500625.0,7.3,4.01,0.39,1.43
2025-01-21,603551,10.05,10.12,10.24,9.91,30569,33340836.0,3.26,0.1,0.01,0.76
2025-01-22,603551,9.97,9.83,10.12,9.78,18863,20192100.0,3.36,-2.87,-0.29,0.47
2025-01-23,603551,9.97,9.79,10.02,9.77,21848,23407781.0,2.54,-0.41,-0.04,0.55
2025-01-24,603551,9.75,9.78,9.92,9.67,19646,20826234.0,2.55,-0.1,-0.01,0.49
2025-01-27,603551,9.79,9.77,10.01,9.74,20857,22296948.0,2.76,-0.1,-0.01,0.52
2025-02-05,603551,9.84,9.74,9.92,9.57,23232,24491103.0,3.58,-0.31,-0.03,0.58
2025-02-06,603551,9.67,9.83,9.97,9.49,30651,32385499.0,4.93,0.92,0.09,0.77
2025-02-07,603551,9.83,9.81,9.9,9.7,22104,23503847.0,2.03,-0.2,-0.02,0.55
2025-02-10,603551,9.81,9.99,9.99,9.67,25430,27181682.0,3.26,1.83,0.18,0.64
2025-02-11,603551,10.0,9.94,10.01,9.78,17991,19307244.0,2.3,-0.5,-0.05,0.45
2025-02-12,603551,9.93,9.93,9.99,9.86,21828,23447342.0,1.31,-0.1,-0.01,0.55
2025-02-13,603551,9.89,9.93,10.05,9.85,16663,17975407.0,2.01,0.0,0.0,0.42
2025-02-14,603551,9.88,9.93,10.0,9.85,13295,14296637.0,1.51,0.0,0.0,0.33
2025-02-17,603551,9.99,10.02,10.05,9.87,16117,17410002.0,1.81,0.91,0.09,0.4
2025-02-18,603551,9.95,9.74,10.03,9.69,21323,22756501.0,3.39,-2.79,-0.28,0.55
2025-02-19,603551,9.74,9.81,9.83,9.7,9069,9623545.0,1.33,0.72,0.07,0.23
2025-02-20,603551,9.81,10.07,10.13,9.79,23530,25495271.0,3.47,2.65,0.26,0.61
2025-02-21,603551,10.05,10.0,10.09,9.9,13622,14713724.0,1.89,-0.7,-0.07,0.35
2025-02-24,603551,9.99,10.15,10.21,9.91,21102,23059353.0,3.0,1.5,0.15,0.54
2025-02-25,603551,10.1,10.12,10.23,10.03,13439,14740107.0,1.97,-0.3,-0.03,0.35
2025-02-26,603551,10.03,10.36,10.5,10.03,22198,24865166.0,4.64,2.37,0.24,0.57
2025-02-27,603551,10.36,10.44,10.48,10.22,19391,21702025.0,2.51,0.77,0.08,0.5
2025-02-28,603551,10.45,10.18,10.5,10.13,16480,18331570.0,3.54,-2.49,-0.26,0.42
2025-03-03,603551,10.17,10.14,10.34,10.08,18261,20169070.0,2.55,-0.39,-0.04,0.47
2025-03-04,603551,10.17,10.3,10.33,10.08,10003,11089814.0,2.47,1.58,0.16,0.26
2025-03-05,603551,10.3,10.2,10.3,10.05,10970,12012215.0,2.43,-0.97,-0.1,0.28
2025-03-06,603551,10.62,10.21,10.62,10.15,19135,21171151.0,4.61,0.1,0.01,0.49
2025-03-07,603551,10.2,10.07,10.23,10.02,14823,16183482.0,2.06,-1.37,-0.14,0.38
2025-03-10,603551,10.04,10.08,10.13,9.96,12507,13595962.0,1.69,0.1,0.01,0.32
2025-03-11,603551,10.0,9.91,10.02,9.7,27455,29278171.0,3.17,-1.69,-0.17,0.71
2025-03-12,603551,9.93,9.83,10.04,9.79,21163,22649150.0,2.52,-0.81,-0.08,0.54
2025-03-13,603551,9.87,9.82,9.89,9.73,14090,14997276.0,1.63,-0.1,-0.01,0.36
2025-03-14,603551,9.79,10.01,10.04,9.78,19313,20796878.0,2.65,1.93,0.19,0.5
2025-03-17,603551,10.13,10.09,10.17,10.04,16790,18343779.0,1.3,0.8,0.08,0.43
2025-03-18,603551,10.04,10.12,10.14,9.95,17695,19200524.0,1.88,0.3,0.03,0.46
2025-03-19,603551,10.12,10.17,10.36,10.07,28442,31360753.0,2.87,0.49,0.05,0.73
2025-03-20,603551,10.1,10.03,10.22,10.0,15196,16642661.0,2.16,-1.38,-0.14,0.39
2025-03-21,603551,9.95,9.83,10.11,9.82,23195,24994008.0,2.89,-1.99,-0.2,0.6
2025-03-24,603551,9.88,9.75,9.94,9.63,19724,20944609.0,3.15,-0.81,-0.08,0.51
2025-03-25,603551,9.75,9.77,9.81,9.62,16460,17342309.0,1.95,0.21,0.02,0.42
2025-03-26,603551,9.71,9.85,9.86,9.71,11506,12224481.0,1.54,0.82,0.08,0.3
2025-03-27,603551,9.8,9.71,9.84,9.69,16011,16924410.0,1.52,-1.42,-0.14,0.41
2025-03-28,603551,9.71,9.73,9.96,9.71,29903,31853276.0,2.57,0.21,0.02,0.77
2025-03-31,603551,9.72,9.76,10.05,9.64,30425,32520958.0,4.21,0.31,0.03,0.78
2025-04-01,603551,9.68,9.86,10.02,9.68,17409,18634167.0,3.48,1.02,0.1,0.45
2025-04-02,603551,9.87,10.16,10.22,9.8,38199,41708617.0,4.26,3.04,0.3,0.98
2025-04-03,603551,10.04,9.92,10.14,9.81,26049,28053801.0,3.25,-2.36,-0.24,0.67
2025-04-07,603551,9.17,9.07,9.37,8.85,52581,51889802.0,5.24,-8.57,-0.85,1.35
2025-04-08,603551,9.07,9.09,9.27,8.88,28734,28516501.0,4.3,0.22,0.02,0.74
2025-04-09,603551,8.95,8.99,9.1,8.57,28591,27633352.0,5.83,-1.1,-0.1,0.74
2025-04-10,603551,9.04,9.14,9.23,9.04,21992,21934104.0,2.11,1.67,0.15,0.57
2025-04-11,603551,9.06,9.14,9.21,9.06,11678,11633279.0,1.64,0.0,0.0,0.3
2025-04-14,603551,9.16,9.2,9.27,9.1,14712,14717227.0,1.86,0.66,0.06,0.38
2025-04-15,603551,9.2,9.15,9.2,9.07,10610,10573244.0,1.41,-0.54,-0.05,0.27
2025-04-16,603551,9.15,9.02,9.17,8.86,14573,14312304.0,3.39,-1.42,-0.13,0.37
2025-04-17,603551,8.97,9.23,9.27,8.96,19421,19405640.0,3.44,2.33,0.21,0.5
2025-04-18,603551,9.24,9.15,9.31,9.06,12128,12110924.0,2.71,-0.87,-0.08,0.31
2025-04-21,603551,9.15,9.11,9.2,9.05,14557,14460168.0,1.64,-0.44,-0.04,0.37
2025-04-22,603551,9.1,9.18,9.19,9.08,13553,13510297.0,1.21,0.77,0.07,0.35
2025-04-23,603551,9.14,9.24,9.3,9.14,12007,12073851.0,1.74,0.65,0.06,0.31
2025-04-24,603551,9.27,9.18,9.34,9.08,11531,11593993.0,2.81,-0.65,-0.06,0.3
2025-04-25,603551,9.15,9.24,9.29,9.15,11206,11282751.0,1.53,0.65,0.06,0.29
2025-04-28,603551,9.35,9.27,9.47,9.21,16981,17203548.0,2.81,0.32,0.03,0.44
2025-04-29,603551,9.27,9.39,9.44,9.25,21726,22183800.0,2.05,1.29,0.12,0.56
2025-04-30,603551,9.43,9.49,9.62,9.42,21593,22388634.0,2.13,1.06,0.1,0.56
2025-05-06,603551,9.49,9.56,9.57,9.43,23467,24241794.0,1.48,0.74,0.07,0.6
2025-05-07,603551,9.69,9.61,9.7,9.53,18566,19406732.0,1.78,0.52,0.05,0.48
2025-05-08,603551,9.62,9.72,9.73,9.57,15012,15769021.0,1.66,1.14,0.11,0.39
2025-05-09,603551,9.76,9.81,9.96,9.67,20382,21690253.0,2.98,0.93,0.09,0.52
2025-05-12,603551,9.79,9.81,9.9,9.71,16776,17870547.0,1.94,0.0,0.0,0.43
2025-05-13,603551,9.87,9.75,9.92,9.72,15155,16103049.0,2.04,-0.61,-0.06,0.39
2025-05-14,603551,9.84,9.7,9.84,9.6,14442,15180102.0,2.46,-0.51,-0.05,0.37
2025-05-15,603551,9.69,9.6,9.73,9.59,13710,14351041.0,1.44,-1.03,-0.1,0.35
2025-05-16,603551,9.6,9.66,9.72,9.55,11828,12426513.0,1.77,0.63,0.06,0.3
2025-05-19,603551,9.71,9.84,9.86,9.63,17697,18706606.0,2.38,1.86,0.18,0.46
2025-05-20,603551,9.81,9.9,9.92,9.79,11334,12132318.0,1.32,0.61,0.06,0.29
2025-05-21,603551,9.93,9.86,9.93,9.81,11288,12061998.0,1.21,-0.4,-0.04,0.29
2025-05-22,603551,9.85,9.65,9.89,9.61,26855,28347252.0,2.84,-2.13,-0.21,0.69
2025-05-23,603551,9.66,9.52,9.69,9.48,23271,24246732.0,2.18,-1.35,-0.13,0.6
2025-05-26,603551,9.48,9.47,9.67,9.37,21411,22059901.0,3.15,-0.53,-0.05,0.55
2025-05-27,603551,9.43,9.49,9.52,9.41,14737,15175790.0,1.16,0.21,0.02,0.38
2025-05-28,603551,9.48,9.52,9.59,9.46,13569,14027957.0,1.37,0.32,0.03,0.35
2025-05-29,603551,9.54,9.63,9.63,9.48,17121,17828273.0,1.58,1.16,0.11,0.44
2025-05-30,603551,9.59,9.53,9.62,9.5,13297,13822544.0,1.25,-1.04,-0.1,0.34
2025-06-03,603551,9.58,9.82,9.87,9.53,53333,56559920.0,3.57,3.04,0.29,1.37
2025-06-04,603551,9.85,10.16,10.2,9.79,43657,47561693.0,4.18,3.46,0.34,1.12
2025-06-05,603551,10.16,10.14,10.24,10.03,28272,30956177.0,2.07,-0.2,-0.02,0.73
2025-06-06,603551,10.15,10.21,10.24,10.12,26025,28682381.0,1.18,0.69,0.07,0.67
2025-06-09,603551,10.07,10.15,10.21,9.93,33111,34332453.0,2.74,-0.59,-0.06,0.85
2025-06-10,603551,10.07,10.06,10.21,9.96,22035,22875197.0,2.46,-0.89,-0.09,0.57
2025-06-11,603551,10.07,10.13,10.15,10.0,12597,13110457.0,1.49,0.7,0.07,0.32
2025-06-12,603551,10.15,10.16,10.16,10.05,10819,11267533.0,1.09,0.3,0.03,0.28
2025-06-13,603551,10.16,9.99,10.16,9.94,14546,14989910.0,2.17,-1.67,-0.17,0.37
2025-06-16,603551,9.95,10.01,10.06,9.95,12632,13005301.0,1.1,0.2,0.02,0.32
2025-06-17,603551,9.97,10.0,10.17,9.97,9438,9755177.0,2.0,-0.1,-0.01,0.24
2025-06-18,603551,9.97,9.96,10.0,9.89,9975,10212631.0,1.1,-0.4,-0.04,0.26
2025-06-19,603551,9.99,9.81,9.99,9.7,20702,21016510.0,2.91,-1.51,-0.15,0.53
2025-06-20,603551,9.82,9.83,9.88,9.78,9780,9896857.0,1.02,0.2,0.02,0.25
2025-06-23,603551,9.81,9.91,9.95,9.77,11545,11747044.0,1.83,0.81,0.08,0.3
2025-06-24,603551,9.98,10.16,10.2,9.88,14220,14803614.0,3.23,2.52,0.25,0.36
2025-06-25,603551,10.4,10.25,10.4,10.19,15345,16198201.0,2.07,0.89,0.09,0.39
2025-06-26,603551,10.4,10.34,10.41,10.2,18226,19335477.0,2.05,0.88,0.09,0.47
2025-06-27,603551,10.38,10.47,10.92,10.32,40236,43882812.0,5.8,1.26,0.13,1.03
2025-06-30,603551,10.47,10.69,10.76,10.37,23327,25457644.0,3.72,2.1,0.22,0.6
2025-07-01,603551,10.7,10.62,10.83,10.56,20156,22080442.0,2.53,-0.65,-0.07,0.52
2025-07-02,603551,10.62,10.72,10.8,10.57,19932,21872954.0,2.17,0.94,0.1,0.51
2025-07-03,603551,10.69,10.89,10.9,10.63,21805,24306238.0,2.52,1.59,0.17,0.56
2025-07-04,603551,10.84,10.74,10.87,10.71,17456,19340562.0,1.47,-1.38,-0.15,0.45
2025-07-07,603551,10.74,10.77,10.83,10.64,18824,20781135.0,1.77,0.28,0.03,0.48
2025-07-08,603551,10.76,10.68,10.9,10.67,17545,19411767.0,2.14,-0.84,-0.09,0.45
2025-07-09,603551,10.3,10.84,10.88,10.3,26014,28847209.0,5.43,1.5,0.16,0.67
2025-07-10,603551,10.86,10.77,10.86,10.7,16281,18031577.0,1.48,-0.65,-0.07,0.42
2025-07-11,603551,10.83,10.77,10.84,10.73,14816,16418907.0,1.02,0.0,0.0,0.38
2025-07-14,603551,10.78,11.08,11.25,10.78,29675,33663013.0,4.36,2.88,0.31,0.76
2025-07-15,603551,11.07,10.92,11.08,10.89,21466,24158291.0,1.71,-1.44,-0.16,0.55
2025-07-16,603551,10.98,11.0,11.12,10.95,14767,16702768.0,1.56,0.73,0.08,0.38
2025-07-17,603551,11.02,11.34,11.38,11.0,33488,38510999.0,3.45,3.09,0.34,0.86
2025-07-18,603551,11.27,11.21,11.37,11.2,19732,22848873.0,1.5,-1.15,-0.13,0.51
2025-07-21,603551,11.24,11.15,11.27,11.1,14985,17204424.0,1.52,-0.54,-0.06,0.38
2025-07-22,603551,11.15,11.26,11.31,11.05,22575,25934700.0,2.33,0.99,0.11,0.58
2025-07-23,603551,11.19,11.18,11.31,11.15,11783,13584063.0,1.42,-0.71,-0.08,0.3
2025-07-24,603551,11.16,11.07,11.22,11.01,13544,15400444.0,1.88,-0.98,-0.11,0.35
2025-07-25,603551,11.01,11.15,11.19,11.01,13826,15803600.0,1.63,0.72,0.08,0.35
2025-07-28,603551,11.17,11.12,11.25,11.05,11602,13261159.0,1.79,-0.27,-0.03,0.3
2025-07-29,603551,11.11,10.98,11.12,10.96,12967,14682694.0,1.44,-1.26,-0.14,0.33
2025-07-30,603551,10.96,10.91,11.1,10.85,20565,23138982.0,2.28,-0.64,-0.07,0.53
2025-07-31,603551,10.91,10.72,11.08,10.7,17782,19820449.0,3.48,-1.74,-0.19,0.46
2025-08-01,603551,10.73,10.94,11.02,10.65,22859,25637872.0,3.45,2.05,0.22,0.59
2025-08-04,603551,10.94,11.35,11.42,10.83,31979,36455742.0,5.39,3.75,0.41,0.82
2025-08-05,603551,11.39,11.25,11.56,11.1,44514,51602187.0,4.05,-0.88,-0.1,1.14
2025-08-06,603551,11.22,11.21,11.3,10.91,33279,38079711.0,3.47,-0.36,-0.04,0.86
2025-08-07,603551,11.13,11.09,11.22,10.98,24016,27307044.0,2.14,-1.07,-0.12,0.62
2025-08-08,603551,11.1,11.27,11.38,11.01,21131,24340749.0,3.34,1.62,0.18,0.55
2025-08-11,603551,11.26,11.32,11.41,11.26,16706,19447630.0,1.33,0.44,0.05,0.43
2025-08-12,603551,11.45,11.36,11.48,11.31,13909,16268034.0,1.5,0.35,0.04,0.36
2025-08-13,603551,11.48,11.33,11.48,11.23,12583,14604721.0,2.2,-0.26,-0.03,0.33
2025-08-14,603551,11.39,11.28,11.39,11.16,17852,20675308.0,2.03,-0.44,-0.05,0.46
2025-08-15,603551,10.81,11.26,11.67,10.81,31361,36565490.0,7.62,-0.18,-0.02,0.81
2025-08-18,603551,11.32,11.2,11.36,11.14,26844,30974042.0,1.95,-0.53,-0.06,0.7
2025-08-19,603551,11.25,11.04,11.25,10.97,37820,42974060.0,2.5,-1.43,-0.16,0.98
2025-08-20,603551,11.04,11.69,11.74,11.03,43686,51067562.0,6.43,5.89,0.65,1.13
2025-08-21,603551,11.66,12.17,12.19,11.55,61935,76094566.0,5.47,4.11,0.48,1.61
2025-08-22,603551,12.16,11.98,12.16,11.94,35740,44019375.0,1.81,-1.56,-0.19,0.93
2025-08-25,603551,12.11,11.97,12.14,11.8,26125,32013164.0,2.84,-0.08,-0.01,0.68
2025-08-26,603551,11.97,12.49,12.53,11.97,57755,73016697.0,4.68,4.34,0.52,1.5
2025-08-27,603551,12.49,12.06,12.6,12.05,41515,52541877.0,4.4,-3.44,-0.43,1.08
2025-08-28,603551,11.96,12.0,12.34,11.71,32309,39651561.0,5.22,-0.5,-0.06,0.84
2025-08-29,603551,12.22,12.16,12.3,12.0,30426,37835816.0,2.5,1.33,0.16,0.79
2025-09-01,603551,12.2,12.29,12.54,11.84,41549,52188325.0,5.76,1.07,0.13,1.08
2025-09-02,603551,12.3,12.09,12.3,11.83,26791,32879828.0,3.82,-1.63,-0.2,0.7
2025-09-03,603551,12.15,11.91,12.19,11.83,14317,17573096.0,2.98,-1.49,-0.18,0.37
2025-09-04,603551,12.08,11.96,12.15,11.49,21230,26072111.0,5.54,0.42,0.05,0.55
2025-09-05,603551,11.94,12.17,12.22,11.74,17552,21606250.0,4.01,1.76,0.21,0.46
2025-09-08,603551,12.17,12.81,13.18,12.17,55684,72617689.0,8.3,5.26,0.64,1.45
2025-09-09,603551,12.81,12.7,13.58,12.62,47530,62731178.0,7.49,-0.86,-0.11,1.23
2025-09-10,603551,12.65,12.46,12.71,12.32,28670,36603663.0,3.07,-1.89,-0.24,0.74
2025-09-11,603551,12.42,12.48,12.5,12.28,19191,24364662.0,1.77,0.16,0.02,0.5
2025-09-12,603551,12.43,12.37,12.5,12.25,15618,19759496.0,2.0,-0.88,-0.11,0.41
2025-09-15,603551,12.27,12.1,12.36,12.06,22372,27867542.0,2.43,-2.18,-0.27,0.58
2025-09-16,603551,12.14,12.23,12.38,12.06,22387,27998725.0,2.64,1.07,0.13,0.58
2025-09-17,603551,12.26,12.44,12.45,12.24,24530,31066679.0,1.72,1.72,0.21,0.64
2025-09-18,603551,12.4,12.0,12.41,11.87,29966,37309891.0,4.34,-3.54,-0.44,0.78
2025-09-19,603551,11.91,12.1,12.16,11.91,17247,21238398.0,2.08,0.83,0.1,0.45
2025-09-22,603551,12.17,11.99,12.22,11.88,14880,18313625.0,2.81,-0.91,-0.11,0.39
2025-09-23,603551,11.95,11.96,11.99,11.58,19399,23389955.0,3.42,-0.25,-0.03,0.5
2025-09-24,603551,11.98,12.05,12.14,11.91,14192,17464697.0,1.92,0.75,0.09,0.37
2025-09-25,603551,12.11,11.81,12.14,11.78,16567,20223464.0,2.99,-1.99,-0.24,0.43
2025-09-26,603551,11.72,11.91,11.94,11.72,11931,14505083.0,1.86,0.85,0.1,0.31
2025-09-29,603551,11.89,12.01,12.01,11.41,17538,21386744.0,5.04,0.84,0.1,0.46
2025-09-30,603551,11.99,11.85,12.02,11.81,11753,14309230.0,1.75,-1.33,-0.16,0.31
2025-10-09,603551,11.86,11.14,11.97,11.1,59959,69615764.0,7.34,-5.99,-0.71,1.56
2025-10-10,603551,11.22,11.5,11.53,11.16,33902,39710962.0,3.32,3.23,0.36,0.88
2025-10-13,603551,11.35,11.35,11.37,11.07,24100,27856584.0,2.61,-1.3,-0.15,0.63
2025-10-14,603551,11.4,11.4,11.5,11.3,21840,25585468.0,1.76,0.44,0.05,0.57
2025-10-15,603551,11.4,11.55,11.58,11.35,21762,25704301.0,2.02,1.32,0.15,0.57
2025-10-16,603551,11.62,11.77,11.82,11.49,25070,29234942.0,2.86,1.9,0.22,0.65
2025-10-17,603551,11.73,11.89,12.05,11.73,30556,36425837.0,2.72,1.02,0.12,0.79
2025-10-20,603551,11.89,11.85,12.05,11.71,20009,23684231.0,2.86,-0.34,-0.04,0.52
2025-10-21,603551,11.93,11.85,12.04,11.78,16602,19677128.0,2.19,0.0,0.0,0.43
2025-10-22,603551,11.89,12.0,12.09,11.87,17165,20606598.0,1.86,1.27,0.15,0.45
2025-10-23,603551,11.99,11.96,12.08,11.85,19020,22776403.0,1.92,-0.33,-0.04,0.49
2025-10-24,603551,11.96,11.83,12.05,11.8,21721,25811954.0,2.09,-1.09,-0.13,0.56
2025-10-27,603551,11.88,11.96,11.97,11.68,22282,26425832.0,2.45,1.1,0.13,0.58
2025-10-28,603551,11.6,11.28,11.88,11.15,68237,77737761.0,6.1,-5.69,-0.68,1.77
2025-10-29,603551,11.25,11.15,11.25,10.98,39880,44196785.0,2.39,-1.15,-0.13,1.04
2025-10-30,603551,11.19,11.01,11.19,10.96,26782,29590929.0,2.06,-1.26,-0.14,0.7
2025-10-31,603551,10.95,11.06,11.09,10.95,17576,19410252.0,1.27,0.45,0.05,0.46
2025-11-03,603551,11.07,10.92,11.13,10.88,31663,34770607.0,2.26,-1.27,-0.14,0.82
2025-11-04,603551,10.92,10.92,11.0,10.85,20751,22688980.0,1.37,0.0,0.0,0.54
2025-11-05,603551,10.87,11.09,11.13,10.72,34535,38027469.0,3.75,1.56,0.17,0.9
2025-11-06,603551,11.08,10.98,11.09,10.93,25599,28096717.0,1.44,-0.99,-0.11,0.67
2025-11-07,603551,10.95,11.0,11.08,10.93,13980,15405566.0,1.37,0.18,0.02,0.36
2025-11-10,603551,11.05,11.17,11.18,10.98,23354,25911671.0,1.82,1.55,0.17,0.61
2025-11-11,603551,11.17,11.22,11.28,11.09,24335,27284106.0,1.7,0.45,0.05,0.63
2025-11-12,603551,11.28,11.18,11.34,11.16,19357,21743242.0,1.6,-0.36,-0.04,0.5
2025-11-13,603551,11.2,11.32,11.34,11.12,28440,31940333.0,1.97,1.25,0.14,0.74
2025-11-14,603551,11.32,11.44,11.45,11.29,27367,31208300.0,1.41,1.06,0.12,0.71
2025-11-17,603551,11.44,11.61,11.68,11.34,32536,37507654.0,2.97,1.49,0.17,0.85
2025-11-18,603551,11.62,11.78,11.8,11.55,29500,34545234.0,2.15,1.46,0.17,0.77
2025-11-19,603551,11.7,11.69,11.86,11.6,22656,26533289.0,2.21,-0.76,-0.09,0.59
2025-11-20,603551,11.72,11.98,11.98,11.69,32931,38959020.0,2.48,2.48,0.29,0.86
2025-11-21,603551,11.92,12.21,12.29,11.81,92988,112380581.0,4.01,1.92,0.23,2.42
2025-11-24,603551,12.11,12.79,12.8,11.94,187688,230717016.0,7.04,4.75,0.58,4.88
2025-11-25,603551,12.53,12.55,12.68,12.0,111239,137919515.0,5.32,-1.88,-0.24,2.89
2025-11-26,603551,12.41,12.1,12.49,12.0,57692,70172290.0,3.9,-3.59,-0.45,1.5
2025-11-27,603551,12.02,11.98,12.21,11.6,48535,58077815.0,5.04,-0.99,-0.12,1.26
2025-11-28,603551,11.98,11.64,11.98,11.62,49336,57818129.0,3.01,-2.84,-0.34,1.28
2025-12-01,603551,11.65,11.77,11.96,11.64,38656,45383790.0,2.75,1.12,0.13,1.0
2025-12-02,603551,11.9,12.0,12.8,11.75,98649,119536486.0,8.92,1.95,0.23,2.56
2025-12-03,603551,11.96,11.87,12.09,11.61,55591,65493452.0,4.0,-1.08,-0.13,1.44
2025-12-04,603551,11.85,11.97,11.97,11.62,53778,63436307.0,2.95,0.84,0.1,1.4
2025-12-05,603551,11.86,12.15,12.16,11.77,45171,54193235.0,3.26,1.5,0.18,1.17
2025-12-08,603551,12.18,12.41,12.5,12.04,64496,79494507.0,3.79,2.14,0.26,1.68
2025-12-09,603551,12.37,12.42,12.57,12.25,61406,76343231.0,2.58,0.08,0.01,1.6
2025-12-10,603551,12.42,12.33,12.48,12.22,27677,34192996.0,2.09,-0.72,-0.09,0.72
2025-12-11,603551,12.35,12.32,12.57,12.21,47942,59408494.0,2.92,-0.08,-0.01,1.25
2025-12-12,603551,12.44,12.35,12.48,12.14,41395,50932820.0,2.76,0.24,0.03,1.08
2025-12-15,603551,12.21,12.26,12.4,12.16,26491,32546831.0,1.94,-0.73,-0.09,0.69
2025-12-16,603551,12.35,12.01,12.35,11.83,41832,50205469.0,4.24,-2.04,-0.25,1.09
2025-12-17,603551,12.03,11.97,12.1,11.72,35388,42091567.0,3.16,-0.33,-0.04,0.92
2025-12-18,603551,11.96,11.86,12.03,11.83,24313,28984922.0,1.67,-0.92,-0.11,0.63
2025-12-19,603551,11.78,12.04,12.09,11.74,51278,61326755.0,2.95,1.52,0.18,1.33
2025-12-22,603551,12.15,11.76,12.15,11.65,53936,63535180.0,4.15,-2.33,-0.28,1.4
2025-12-23,603551,11.76,11.85,11.94,11.7,24314,28752776.0,2.04,0.77,0.09,0.63
2025-12-24,603551,11.75,12.05,12.1,11.74,37850,45261706.0,3.04,1.69,0.2,0.98
2025-12-25,603551,12.0,12.04,12.15,11.83,25760,30919282.0,2.66,-0.08,-0.01,0.67
2025-12-26,603551,12.28,11.73,12.28,11.7,52448,62134452.0,4.82,-2.57,-0.31,1.36
2025-12-29,603551,11.74,11.82,11.9,11.63,25583,30193901.0,2.3,0.77,0.09,0.66
2025-12-30,603551,11.82,11.74,11.83,11.7,20701,24332814.0,1.1,-0.68,-0.08,0.54
2025-12-31,603551,11.74,11.59,11.79,11.52,25656,29814813.0,2.3,-1.28,-0.15,0.67
2026-01-05,603551,11.62,11.72,11.77,11.55,34377,39947021.0,1.9,1.12,0.13,0.89
2026-01-06,603551,11.78,12.03,12.44,11.72,120431,145612830.0,6.14,2.65,0.31,3.13
2026-01-07,603551,11.95,11.51,12.02,11.35,91862,106593748.0,5.57,-4.32,-0.52,2.39
2026-01-08,603551,11.44,11.38,11.49,11.33,37821,43076256.0,1.39,-1.13,-0.13,0.98
2026-01-09,603551,11.38,11.5,11.52,11.33,45351,51798870.0,1.67,1.05,0.12,1.18
2026-01-12,603551,11.49,11.33,11.5,11.27,61702,69883463.0,2.0,-1.48,-0.17,1.6
2026-01-13,603551,11.34,11.32,11.41,11.25,57146,64669670.0,1.41,-0.09,-0.01,1.48
2026-01-14,603551,11.31,11.23,11.33,11.14,46317,52125844.0,1.68,-0.8,-0.09,1.2
2026-01-15,603551,11.23,11.23,11.32,11.16,30867,34750034.0,1.42,0.0,0.0,0.8
2026-01-16,603551,11.3,10.99,11.35,10.96,65552,72469574.0,3.47,-2.14,-0.24,1.7
2026-01-19,603551,10.99,11.17,11.17,10.92,39962,44206402.0,2.27,1.64,0.18,1.04
2026-01-20,603551,11.16,11.19,11.23,11.12,21931,24496369.0,0.98,0.18,0.02,0.57
2026-01-21,603551,11.2,11.18,11.26,11.14,23699,26552071.0,1.07,-0.09,-0.01,0.62
2026-01-22,603551,11.21,11.26,11.28,11.15,21967,24667257.0,1.16,0.72,0.08,0.58
2026-01-23,603551,11.3,11.35,11.36,11.24,30785,34800485.0,1.07,0.8,0.09,0.81
2026-01-26,603551,11.35,11.3,11.39,11.19,23101,26037089.0,1.76,-0.44,-0.05,0.61
2026-01-27,603551,11.3,11.18,11.3,11.05,39485,44087754.0,2.21,-1.06,-0.12,1.04
2026-01-28,603551,11.22,11.06,11.32,11.06,29816,33290812.0,2.33,-1.07,-0.12,0.79
2026-01-29,603551,11.13,11.25,11.32,11.06,41693,46792714.0,2.35,1.72,0.19,1.1
2026-01-30,603551,11.25,11.29,11.34,11.15,47397,53385274.0,1.69,0.36,0.04,1.25
2026-02-02,603551,11.24,11.18,11.35,11.15,42329,47716593.0,1.77,-0.97,-0.11,1.11
2026-02-03,603551,11.23,11.3,11.35,11.15,33076,37300531.0,1.79,1.07,0.12,0.87
2026-02-04,603551,11.29,11.37,11.39,11.26,30133,34153530.0,1.15,0.62,0.07,0.79
2026-02-05,603551,11.37,11.69,11.76,11.33,77645,90266840.0,3.78,2.81,0.32,2.04
2026-02-06,603551,11.73,11.69,11.77,11.56,29618,34604721.0,1.8,0.0,0.0,0.78
2026-02-09,603551,11.77,11.92,11.99,11.63,41943,49781117.0,3.08,1.97,0.23,1.1
2026-02-10,603551,11.99,12.23,12.32,11.85,74227,90400332.0,3.94,2.6,0.31,1.95
2026-02-11,603551,12.17,12.37,12.44,12.12,46381,57053017.0,2.62,1.14,0.14,1.22
2026-02-12,603551,12.34,12.04,12.34,12.0,36336,44097227.0,2.75,-2.67,-0.33,0.96
2026-02-13,603551,12.04,11.98,12.13,11.97,20933,25212032.0,1.33,-0.5,-0.06,0.55
